任务运行时间,是否成功,最后commit,job_id,Output Token Throughput,job_link,错误类型
2026-03-04T16:28:29Z,❌,f8315f5717c7e175e23461c0102f4f9a586da874,65794708232,,https://github.com/vllm-project/vllm-ascend/actions/runs/22678733858/job/65794708232,设备环境问题
2026-03-05T17:50:57Z,✅,640ecd1b772b1c3dcdc57336b762cc02d011eba8,65966074506,1137.1941,https://github.com/vllm-project/vllm-ascend/actions/runs/22729249652/job/65966074506,
2026-03-06T16:24:42Z,❌,01d3515dcfa28468c966cebee341104533e6a4c1,66104523869,,https://github.com/vllm-project/vllm-ascend/actions/runs/22772118594/job/66104523869,设备环境问题
2026-03-07T16:13:20Z,✅,01d3515dcfa28468c966cebee341104533e6a4c1,66163448692,1350.0228,https://github.com/vllm-project/vllm-ascend/actions/runs/22802492469/job/66163448692,
2026-03-08T16:13:26Z,✅,01d3515dcfa28468c966cebee341104533e6a4c1,66222403891,1348.8055,https://github.com/vllm-project/vllm-ascend/actions/runs/22824847687/job/66222403891,
2026-03-09T16:43:36Z,✅,ee5347e8241ec0d9c724229d10184cf4d4fc7479,66381996592,1384.5218,https://github.com/vllm-project/vllm-ascend/actions/runs/22864221721/job/66381996592,
2026-03-10T16:39:29Z,✅,e16009b2cce40833b25cdd0284e85bb1984585bc,66524110118,1373.161,https://github.com/vllm-project/vllm-ascend/actions/runs/22913449807/job/66524110118,
2026-03-11T16:33:04Z,✅,da01a74009a5dafa90602b8d7a4ddbf71f6609d9,66692978937,1368.4183,https://github.com/vllm-project/vllm-ascend/actions/runs/22963335080/job/66692978937,
2026-03-12T16:42:13Z,✅,fe4cad24e9efa97235a5ebff10b62d8a4d981ddc,66861583027,1383.428,https://github.com/vllm-project/vllm-ascend/actions/runs/23013136272/job/66861583027,
2026-03-13T16:20:20Z,❌,0ad52517a18e65ef235c47ab1ee1c8e22611dc8e,67058551674,,https://github.com/vllm-project/vllm-ascend/actions/runs/23060092142/job/67058551674,设备环境问题
2026-03-14T15:58:23Z,❌,c69291eefc810489f5f31d3594308d6eafa0d5f9,67083906580,,https://github.com/vllm-project/vllm-ascend/actions/runs/23091313158/job/67083906580,设备环境问题
2026-03-15T15:59:25Z,❌,e20f0b1a0d2fdb1d86a15d55d70fe60a7a1b5a45,67144773990,,https://github.com/vllm-project/vllm-ascend/actions/runs/23113935967/job/67144773990,设备环境问题
2026-03-16T16:42:42Z,✅,3f39ac9c8d12e576487bf435af146e3244187507,67295315591,1330.4633,https://github.com/vllm-project/vllm-ascend/actions/runs/23155031440/job/67295315591,
2026-03-17T16:45:01Z,✅,79ef41a53ddc8351f387ac1f7abd0ce0c7f1aa8a,67470489629,1356.3376,https://github.com/vllm-project/vllm-ascend/actions/runs/23205662893/job/67470489629,
2026-03-18T16:43:01Z,✅,8b79d4de52ed46f33683d50ba70faac1c82351e6,67692876662,1351.4943,https://github.com/vllm-project/vllm-ascend/actions/runs/23256097054/job/67692876662,
2026-03-19T16:40:27Z,✅,eb92e7d50efac8a3a35dfe0aeb2fc04f9e2faff6,67819762480,1366.2977,https://github.com/vllm-project/vllm-ascend/actions/runs/23305899040/job/67819762480,
2026-03-20T16:24:43Z,✅,88d03a783fb28de1498d4c23d94e7fc173855963,67977534193,1364.3129,https://github.com/vllm-project/vllm-ascend/actions/runs/23352208044/job/67977534193,
2026-03-21T15:57:36Z,❌,84a74f0cb1f61b47cb07d0c46b6e6b99321e0b66,68031133327,,https://github.com/vllm-project/vllm-ascend/actions/runs/23383274015/job/68031133327,设备环境问题
2026-03-22T15:58:03Z,❌,9bf9b4b26763d5ba8c56e9828519dcd740f4a51b,68100853150,,https://github.com/vllm-project/vllm-ascend/actions/runs/23406816963/job/68100853150,设备环境问题
2026-03-23T16:35:35Z,❌,1de805ce0ac2d25d6b77755692f59f0dee4254ae,68253565916,,https://github.com/vllm-project/vllm-ascend/actions/runs/23448542973/job/68253565916,设备环境问题
2026-03-24T16:42:13Z,❌,54879467c41784a446aa5b486a391d9bfbf488fa,68432185996,,https://github.com/vllm-project/vllm-ascend/actions/runs/23501200078/job/68432185996,
2026-03-25T16:45:59Z,❌,cfe2487082b7dac71701cfcf486b265bea5142f0,68609382477,,https://github.com/vllm-project/vllm-ascend/actions/runs/23552908021/job/68609382477,设备环境问题
2026-03-26T16:45:18Z,❌,55c680073d07ee65b6683bf5b49039141089a877,68794215928,,https://github.com/vllm-project/vllm-ascend/actions/runs/23606583453/job/68794215928,设备环境问题
2026-03-27T16:35:54Z,✅,cd0ac76e00641334700e9dfafff4e3cd748d0bd3,68957772701,1374.7635,https://github.com/vllm-project/vllm-ascend/actions/runs/23656949484/job/68957772701,
2026-03-28T16:00:54Z,✅,0777be9d3c1bf08800633629f3581b6fa2ff8c31,69030685836,1380.3031,https://github.com/vllm-project/vllm-ascend/actions/runs/23688880290/job/69030685836,
2026-03-29T16:01:53Z,✅,11e0583474434de15a8968b7fe76a8d5da40f6e7,69090141934,1357.1576,https://github.com/vllm-project/vllm-ascend/actions/runs/23713081524/job/69090141934,
2026-03-30T16:39:35Z,✅,b53f4b91d9d8c4abf5fe04764fe4c2c417012c13,69255356179,1363.9763,https://github.com/vllm-project/vllm-ascend/actions/runs/23756157483/job/69255356179,
2026-03-31T16:40:20Z,✅,b61efb9b8f25f777e50c60fe862adeefdd11d097,69433214123,1379.1056,https://github.com/vllm-project/vllm-ascend/actions/runs/23808711668/job/69433214123,
2026-04-01T16:36:50Z,❌,9d2ebc8c49886ac4c221bd114a3627f7222937aa,69572759709,,https://github.com/vllm-project/vllm-ascend/actions/runs/23859663944/job/69572759709,
2026-04-02T16:37:33Z,✅,1075d80dd2177281f185e4582d91358e0d02e4ce,69768067835,1366.0055,https://github.com/vllm-project/vllm-ascend/actions/runs/23911184684/job/69768067835,
2026-04-03T16:20:33Z,✅,0fccd729be06d12f5b3902be1e3af5541c3143c5,69892585437,1368.1136,https://github.com/vllm-project/vllm-ascend/actions/runs/23953265820/job/69892585437,
2026-04-04T16:02:04Z,✅,0fccd729be06d12f5b3902be1e3af5541c3143c5,69961764127,1390.0771,https://github.com/vllm-project/vllm-ascend/actions/runs/23982444907/job/69961764127,
2026-04-05T16:03:11Z,✅,0fccd729be06d12f5b3902be1e3af5541c3143c5,70019932589,1364.2466,https://github.com/vllm-project/vllm-ascend/actions/runs/24005196822/job/70019932589,
2026-04-07T16:38:59Z,✅,4cb23a688310f89ddd1c6e37fe898989a4998660,70338278164,1356.9056,https://github.com/vllm-project/vllm-ascend/actions/runs/24092956146/job/70338278164,
2026-04-08T16:44:36Z,✅,986f575282bc991e2a754e9279e98f8108b39e89,70467540595,1376.2293,https://github.com/vllm-project/vllm-ascend/actions/runs/24147311843/job/70467540595,
2026-04-09T16:50:47Z,✅,4aacaf888827da87fa3909cdddd8225a6959dd40,70650775650,,https://github.com/vllm-project/vllm-ascend/actions/runs/24202384280/job/70650775650,
2026-04-11T16:02:56Z,✅,9ffefbab79bf39424421659d075a135d232ae48a,70917449495,1352.6352,https://github.com/vllm-project/vllm-ascend/actions/runs/24286217008/job/70917449495,
2026-04-11T16:02:56Z,❌,9ffefbab79bf39424421659d075a135d232ae48a,70917449505,,https://github.com/vllm-project/vllm-ascend/actions/runs/24286217008/job/70917449505,
2026-04-12T16:18:44Z,✅,7776ad8b8e3d1deda0f72c107ac05fd6dccb0636,70981056200,1354.5626,https://github.com/vllm-project/vllm-ascend/actions/runs/24310985311/job/70981056200,
2026-04-12T16:18:44Z,❌,7776ad8b8e3d1deda0f72c107ac05fd6dccb0636,70981056210,,https://github.com/vllm-project/vllm-ascend/actions/runs/24310985311/job/70981056210,代码问题
2026-04-13T16:45:39Z,❌,f4d6c44acbb76c8ca079d7c360caef7a478fb48f,71123266974,,https://github.com/vllm-project/vllm-ascend/actions/runs/24355380566/job/71123266974,设备环境问题
2026-04-13T16:45:39Z,✅,f4d6c44acbb76c8ca079d7c360caef7a478fb48f,71123267091,1348.7537,https://github.com/vllm-project/vllm-ascend/actions/runs/24355380566/job/71123267091,
2026-04-14T16:45:41Z,❌,60471360245408578b1286c281a21089b82944e7,71386574546,,https://github.com/vllm-project/vllm-ascend/actions/runs/24411522568/job/71386574546,设备环境问题
2026-04-14T16:45:41Z,❌,60471360245408578b1286c281a21089b82944e7,71386574745,,https://github.com/vllm-project/vllm-ascend/actions/runs/24411522568/job/71386574745,代码问题
2026-04-15T16:42:26Z,✅,b414cff937ff1c8f18a0f08fdcbd063fbd96bf79,71497003328,1348.861,https://github.com/vllm-project/vllm-ascend/actions/runs/24466604708/job/71497003328,
2026-04-15T16:42:26Z,❌,b414cff937ff1c8f18a0f08fdcbd063fbd96bf79,71501660902,,https://github.com/vllm-project/vllm-ascend/actions/runs/24466604708/job/71501660902,代码问题
